rank,platform,asin,title,brand,seller,price_usd,price_bucket_2usd,rating,reviews,monthly_sales,monthly_sales_share_pct,monthly_revenue_usd,monthly_revenue_share_pct,height_group,price_band_old,tags
1,Amazon US,B0D2HMV3S6,"FDW | 54' Cat Tree Tower | Dark Gray | Multi-Level Indoor Activity Center with Sisal Scratching Posts, Condos, Plush Perches, Hanging Cat Toys | Sturdy, Easy to Assemble | for Kittens & Adult Cats",FDW,Amazon,34.1,$34-$35.99,4.1,6897,7685,5.857,262058.5,3.8113,50-64in mainstream,$30-49,"multi-level,condo,kitten"
2,Amazon US,B07V4SGDDZ,"Yaheetech 63in Large Cat Tree for Heavy Cats up to 22lbs, Anti-Wobble Tower with Condo & Hammock, Space-Saving for Indoor Multi-Pet Households, Stops Furniture Scratching",Yaheetech,Yaheetech,49.97,$48-$49.99,4.7,7820,5961,4.5431,297871.17,4.3322,50-64in mainstream,$30-49,"large-cat,heavy-duty,multi-level,condo"
3,Amazon US,B0B7RQTSB7,"Heybly Cat Tree with Toy, Cat Tower condo for Indoor Cats, Cat House with Padded Plush Perch, Cozy Hammock and Sisal Scratching Posts, Smoky Gray HCT004SG",Heybly,Heybly,39.99,$38-$39.99,4.2,11388,5592,4.2619,223624.08,3.2523,height not shown,$30-49,"condo,hammock"
4,Amazon US,B0DGKR5MMP,"Globlazer Heavy Duty Cat Tree, 70 inch Sturdy Cat Tree for Indoor Cats Extra Large Cat Tower with Scratching Post, Hammock, Cat Condo for Adult Cats Kittens, F70 Pro, Light Grey",Globlazer,Globlazer,99.99,$98-$99.99,4.7,1239,5064,3.8595,506349.36,7.3642,65-74in large/multicat,$80-119,"large-cat,heavy-duty,condo,hammock"
5,Amazon US,B0G2XYGPWY,"Sweetcrispy 44 Inch Cat Tree Tower, Cat Climbing Tower with Natural Sisal Scratching Posts, Hammock, Pet Condo for Indoor Cats and Kittens Play, Beige",Sweetcrispy,Amazon,29.92,$28-$29.99,4.5,1249,4824,3.6765,144334.08,2.0992,36-49in mid-small,$0-29,"condo,hammock,kitten"
6,Amazon US,B0CNSWH1SQ,"Cat Tree Tower with Cat Scratching Post for Indoor Cats, Activity Centre Climbing Tree with Scratching Board and Playful Toy Balls, Grey",TWDEPART,TIN&WEI,25.99,$24-$25.99,4.4,3534,4077,3.1072,105961.23,1.5411,height not shown,$0-29,
7,Amazon US,B0794T79KM,"Yaheetech 54in Cat Tree, Multi-Level Cat Tower with Spacious Kitten-ear Perch, 2 Cozy Caves, Scratching Posts, Climbing Ladder, 2 Plush Balls, Durable Pet House Furniture for Indoor Kittens, Dark Gray",Yaheetech,Yaheetech,35.68,$34-$35.99,4.5,39924,4036,3.076,144004.48,2.0944,50-64in mainstream,$30-49,"multi-level,kitten"
8,Amazon US,B0GMX4ZVK1,"Sweetcrispy 54 Inch Cats Tree Tower, Multi-Level with Scratching Post, Indoor Cat Tree Condo with Climbing Ladder, Plush Toy, Play House for Kittens, Pink",Sweetcrispy,Amazon,37.94,$36-$37.99,4.4,1094,3699,2.8191,140340.06,2.0411,50-64in mainstream,$30-49,"multi-level,condo,kitten"
9,Amazon US,B0BR561TK3,"Feandrea Cat Tree, 59.5-Inch Tall Cat Tower, Plush Multi-Level Condo with 5 Scratching Posts, 2 Perches, 2 Caves, Hammock, 2 Pompoms, Light Gray UPCT192W01",Feandrea,Amazon,47.69,$46-$47.99,4.4,12379,3673,2.7993,175165.37,2.5476,height not shown,$30-49,"multi-level,condo,hammock"
10,Amazon US,B0CNX5VJS4,"37.4' Cactus Cat Tree Tower with Twin Cat Condos for Indoor Cats, All-in-One Activity Center with Cat Scratching Post Cozy Sleeping Perch Hammock and Toy Balls,Green",AIWIKIDE,HAPPINESS2,34.84,$34-$35.99,4.3,17228,3592,2.7376,125145.28,1.8201,36-49in mid-small,$30-49,"condo,hammock,novelty-cactus"
11,Amazon US,B084YZWS2C,"YUNIQUE Cat Tree with Cat Condo and Big Hammock, Grey",YUNIQUE,YUNWEI PET STORE,39.99,$38-$39.99,4.2,7575,3402,2.5928,136045.98,1.9786,height not shown,$30-49,"condo,hammock"
12,Amazon US,B0DT3ZYNVV,SHA CERLIN 81in Multi-Level Tall Cat Tree Tower for Indoor Kitties/Larger Cat Condo Furniture with Hammock/Cozy Pussycat Perches/Sisal Scratching Posts/Pet House/Wide Base/Grey,SHA CERLIN,Amazon,99.99,$98-$99.99,4.6,639,3372,2.5699,337166.28,4.9037,75in+ oversized,$80-119,"large-cat,multi-level,condo,hammock"
13,Amazon US,B0DRXZ3664,"YOUPET Cat Tree with Cat Scratching Post for Indoor Cats, Cat Tower with Scratching Board and Playful Toy Balls, Cat Tree Tower with Cozy Hammock,Grey",YOUPETSER,YOUPET,26.99,$26-$27.99,4.3,3198,3167,2.4137,85477.33,1.2432,height not shown,$0-29,hammock
14,Amazon US,B07GL45JHQ,"Amazon Basics Sturdy Cat Condo Tower with Hammock Bed and Scratching Posts, Interactive Hanging Ball Toy for Indoor Cats, 15.8' x 15.8' x 19.7', Gray",Amazon Basics,Amazon,25.19,$24-$25.99,4.7,54815,2937,2.2384,73983.03,1.076,<36in small/kitten,$0-29,"condo,hammock"
15,Amazon US,B09576SLY9,"3-Tier Cat Tree with 2 Hammocks & Condo, Grey | Multi-Level Indoor Cat Tower with Natural Sisal Scratching Posts, Rope Ladder, Replaceable Hanging Balls | Sturdy Cat Furniture for Kittens & Adult Cats",Smouatou,XIN DEPARTMENT,40.99,$40-$41.99,4.2,9420,2712,2.0669,111164.88,1.6168,height not shown,$30-49,"multi-level,condo,hammock,kitten"
16,Amazon US,B0FJRL5WT6,"Cat Tree, Cloud Cat Tower with Soft Bed, Cat Scratching Post & Pad with Larger Perch for Window Viewing, Small Cat Tree with Cute Toys, Bonus Catnip",Happi N Pets,Happi N Pets,25.99,$24-$25.99,4.4,312,2477,1.8878,64377.23,0.9363,height not shown,$0-29,large-cat
17,Amazon US,B08VGZVXJR,FISH&NAP Cute Cat Tree Kitten Cat Tower for Indoor Cat Condo Sisal Scratching Posts with Jump Platform Cat Furniture Activity Center Play House Beige,FISH&NAP,FISH&NAP,39.99,$38-$39.99,4.5,3860,2307,1.7583,92256.93,1.3418,height not shown,$30-49,"condo,kitten"
18,Amazon US,B0D8J6HW21,"28' Cat Tree, Large Bed for Big Cats, Small Cat Tower with Soft Perch for Window Viewing, Stable Cat Tree Tower, Cat Scratching Post with Hammock, Removable Cover-Gray",Happi N Pets,Happi N Pets,39.99,$38-$39.99,4.6,1280,2269,1.7293,90737.31,1.3197,<36in small/kitten,$30-49,"large-cat,hammock"
19,Amazon US,B08MPWZDHS,"Feandrea Cat Tree, 45.3-Inch Cat Tower, Plush Condo with Scratching Post, Ramp, Perch, Spacious Cave, for Small Space, Light Gray UPCT141W01",Feandrea,Amazon,39.09,$38-$39.99,4.4,3940,1816,1.384,70987.44,1.0324,height not shown,$30-49,condo
20,Amazon US,B0CY2VH9K2,"Cat Tree 32 Inches Small Cat Tree for Large Cats Adult Cat Tower with Scratching Post,15.7”Large Hammock and Self Groomer, and Removable Top Perch and Wide Condo for Indoor Cats-Beige",pawfessor,We Love Unity Commerce,42.99,$42-$43.99,4.5,833,1602,1.2209,68869.98,1.0016,<36in small/kitten,$30-49,"large-cat,condo,hammock"
21,Amazon US,B0DT5R86C4,"DUMOS 54-inch Indoor Cat Tree Tower –Multi-Level Pet House for Large Cats with 2 Condos, Scratching Posts, Round Platform, Small Ladder, and Toys – Perfect for Cats of All Ages, Dark Grey",DUMOS,Amazon,37.92,$36-$37.99,4.5,1853,1514,1.1539,57410.88,0.835,height not shown,$30-49,"large-cat,multi-level,condo"
22,Amazon US,B0DGQH8KTF,"Globlazer Cat Tree Tower for Indoor Cats, 50-inch Adult Cat Tree House for Large Adult Cats with Steps, Scratching Post, 2 Cat Caves, Dangling Toys, FC50, Light Grey",Globlazer,Globlazer,69.99,$68-$69.99,4.4,1212,1460,1.1127,102185.4,1.4862,height not shown,$50-79,large-cat
23,Amazon US,B0D2VVHS5F,"Heybly Cat Tree, 71-Inch-Tall Tower for Indoor Cats with 2 Perches, 2 Big Condos, 2 Hammocks, Basket, Scratching Pad, Large Cat Furniture and Condo, Smoky Gray HCT034G",Heybly,Heybly,99.99,$98-$99.99,4.6,2891,1441,1.0982,144085.59,2.0955,height not shown,$80-119,"large-cat,condo,hammock"
24,Amazon US,B0CM8MC8YZ,SHA CERLIN 65in Larger Cat Tree Tower Condo for Indoor Kitties/Multi-Level Furniture Activity Center with Wide Base/Cozy Plush Cat Perches/Baskets/Sisal Scratching Posts and Hammock/Beige,SHA CERLIN,Amazon,89.98,$88-$89.99,4.5,2511,1416,1.0792,127411.68,1.853,65-74in large/multicat,$80-119,"large-cat,multi-level,condo,hammock"
25,Amazon US,B0CCDHSGDH,"PAWZ Road Cat Tree, Cactus Floor to Ceiling Cat Tower with Adjustable Height(95-108 Inches), 5 Level Cat Climbing Tower with Cozy Hammock, Platforms and Dangling Balls for Indoor Cats",PAWZ Road,Sweet Pet,49.99,$48-$49.99,4.3,1639,1385,1.0556,69236.15,1.007,75in+ oversized,$30-49,"hammock,novelty-cactus"
26,Amazon US,B0BBGHDPX9,"BestPet | 54' Cat Tree Tower | Dark Gray | Sturdy, Easy to Assemble, Multi-Level Activity Center with Sisal Scratching Posts, Condos, Perches, Hanging Cat Toys, Observation Decks & Ladder",BestPet,Cavalier Store,18.99,$18-$19.99,4.2,22255,1349,1.0281,25617.51,0.3726,50-64in mainstream,$0-29,"multi-level,condo"
27,Amazon US,B0795T91YP,"Feandrea Cat Tree, 33.1-Inch Cat Tower, Plush Condo for Large Cats up to 16 lb, Large Perch, 2 Caves, Scratching Post, Light Gray UPCT61W",Feandrea,Amazon,44.99,$44-$45.99,4.6,15199,1212,0.9237,54527.88,0.793,height not shown,$30-49,"large-cat,condo"
28,Amazon US,B0CH9LC7SL,"Hey-brother Cat Tree with Large Hammock, Multi-Level Cat Tower for Indoor Cats, Cat Condo with Sisal-Covered Scratching Posts and Top Perch, Light Gray MPJ050W",Hey-brother,Hey brother,59.99,$58-$59.99,4.6,1060,1178,0.8978,70668.22,1.0278,height not shown,$50-79,"large-cat,multi-level,condo,hammock"
29,Amazon US,B0DNF1W593,"Cat Tree, Cat Tower for Indoor Cats, 43.3 inch Cat Tree Tower with Sturdy Steel Tube, Hammock, Cat Condo for Small Cats and Kittens, Scratching Post, Smoky Gray GCT004SG",Gitelsnour,Gitelsnour Home,35.99,$34-$35.99,4.0,916,1154,0.8795,41532.46,0.604,36-49in mid-small,$30-49,"condo,hammock,kitten"
30,Amazon US,B0DK19KNC2,"Globlazer Corner Cat Tree, 51in Curved Series Modern Cat Tower for Indoor Cats with Hammock, 7 Sisal Scratching Posts, Large Fan-Shaped Platform for Large Cats, Cat Condo & Hanging Basket, C51, Beige​",Globlazer,Globlazer,83.99,$82-$83.99,4.5,761,1109,0.8452,93144.91,1.3547,50-64in mainstream,$80-119,"large-cat,condo,hammock,modern"
31,Amazon US,B0CD77SZR9,"Aechonow Cat Tree for Large Cats, 14Inch Cat Tree Tower with Scratching Post, 20 x16.5Inch Perch Bed for Adult Senior Cats, Removable Washable Mat, Dark Gray",Aechonow,Aechonow Pets,33.99,$32-$33.99,4.5,2297,1109,0.8452,37694.91,0.5482,<36in small/kitten,$30-49,"large-cat,senior-cat"
32,Amazon US,B0F5PR9V2X,"Feandrea Cat Tree, Small Cat Tower for Indoor Cats, Plush Cat Caves with Perch, Scratching Posts, for Small Spaces, Kittens, Light Gray UPCT005G01",Feandrea,SONGMICS HOME US,21.99,$20-$21.99,4.5,197,1103,0.8406,24254.97,0.3528,height not shown,$0-29,kitten
33,Amazon US,B06X6J3L65,"Amazon Basics Cat Tree Tower - Multi-Level Climbing Activity Center for Indoor Cats & Kittens with Scratching Posts, Platform, Jute Rope, Large (45.9'H), Beige",Amazon Basics,Amazon,67.71,$66-$67.99,4.5,19477,1089,0.83,73736.19,1.0724,36-49in mid-small,$50-79,"large-cat,multi-level,kitten"
34,Amazon US,B0DBHJ2H4Q,MIAO PAW Rainbow Cute Cat Tree for Indoor Cat Tower with Scratching Post Modern Activity House Hammock Hanging Ball Condo with Board,MIAO PAW,MIAO PAW,40.99,$40-$41.99,4.3,587,1056,0.8048,43285.44,0.6295,height not shown,$30-49,"condo,hammock,modern"
35,Amazon US,B0B42CLKK6,"PEQULTI Cat Tree Tower for Indoor Cats with Private Cozy Cat Condo, Natural Sisal Scratching Posts and Plush Pom-pom for Small Cats",PEQULTI,Siyupet,29.99,$28-$29.99,4.5,3758,1038,0.7911,31129.62,0.4527,height not shown,$0-29,condo
36,Amazon US,B0F74JQD86,"SYANDLVY Small Leopard Print Cat Tree for Indoor Cats, Cat Tower with Scratching Post, Modern Cat House with Padded Perch, Kittens Condo with Cradle, Cat Cave",SYANDLVY,SYANDLVY,42.74,$42-$43.99,4.5,672,1014,0.7728,43338.36,0.6303,height not shown,$30-49,"condo,modern,kitten"
37,Amazon US,B0CSXWDXP1,"Taoqimiao Cat Tree,38.2-Inch Cat Tower for Indoor Cats,Suitable for Kittens with Luxurious cat condo with Adjustable Baskets and Luxurious Perch Light Gray MS029SW",Taoqimiao,AICHONGTECH,39.99,$38-$39.99,4.3,1553,1008,0.7682,40309.92,0.5863,height not shown,$30-49,"condo,kitten"
38,Amazon US,B0GXB8GVQJ,"SONGMICS HOME Cat Tree for Indoor Cats, Multi-Level Cat Tower with Sisal Scratching Posts, Hammock and Condo, Light Gray",SONGMICS HOME,Amazon,52.99,$52-$53.99,4.1,24,1001,0.7629,53042.99,0.7714,height not shown,$50-79,"multi-level,condo,hammock"
39,Amazon US,B0CKZ8F32K,"Hey-brother Cat Tree, 53 inch Cat Tower for Indoor Cats, Cat House with Padded Platform Bed, Toy Balls, Large Cozy Condo, Hammocks and Sisal Scratching Posts, Smoky Gray MPJ019-SG",Hey-brother,Hey brother,56.99,$56-$57.99,4.4,2609,983,0.7492,56021.17,0.8148,50-64in mainstream,$50-79,"large-cat,condo,hammock"
40,Amazon US,B09YLP5F38,"Feandrea Cat Tree, 66.1-Inch Large Cat Tower, Multi-Level Plush Condo with 13 Scratching Posts, 2 Perches, 2 Caves, Basket, Hammock, Pompoms, Light Gray UPCT165W01",Feandrea,Amazon,58.42,$58-$59.99,4.6,5219,979,0.7461,57193.18,0.8318,height not shown,$50-79,"large-cat,multi-level,condo,hammock"
41,Amazon US,B0FDQ8CMQG,"Heybly Heavy Duty Cat Tree, Tower for Indoor Cats Large Adult, Tall Cat Condo House with Extra-Large Baseboard, Multi-Level Plush Furniture with Scratching Posts, Hammock,Toy Balls,Light Gray HCT026W",Heybly,Heybly,59.99,$58-$59.99,4.6,646,970,0.7393,58190.3,0.8463,height not shown,$50-79,"large-cat,heavy-duty,multi-level,condo"
42,Amazon US,B0CNCHGMCX,"Globlazer Heavy Duty Cat Trees for Large Cats, Sturdy 72in Maine Coon Cat Tree for Large Cats 20 lbs+ Heavy Duty Cat Tower for Adult Biggest Cat with 6 Scratching Posts, Hammock, S72, Dark Gray",Globlazer,Globlazer,99.99,$98-$99.99,4.6,1669,920,0.7012,91990.8,1.3379,65-74in large/multicat,$80-119,"large-cat,heavy-duty,hammock"
43,Amazon US,B0CCVJCJ3L,"PETEPELA Cactus Cat Tree for Indoor Cats, 32’’ Small Cat Tower Cat Condo with Sisal Scratching Ramp, Cozy Hammock and Removable Top Bed Perch for Kittens, Green",PETEPELA,hzhwpet,37.99,$36-$37.99,4.4,939,873,0.6653,33165.27,0.4823,height not shown,$30-49,"condo,hammock,novelty-cactus,kitten"
44,Amazon US,B0DNPS3YTZ,"Globlazer Heavy Duty Cat Tree, 74in Sturdy Cat Tower for Large Cats Adult, Big Cat Tree with 7 Sisal Scratching Posts, 2 Padded Condos, 2 Dual-Ear Hanging Baskets, Enlarged Top Perch, S74, Dark Grey",Globlazer,Globlazer,109.99,$108-$109.99,4.7,557,835,0.6364,91841.65,1.3357,65-74in large/multicat,$80-119,"large-cat,heavy-duty,condo"
45,Amazon US,B0DNYBXBVH,"58.5inch Large Cat Tree Tower Condo for Indoor Cats, Soft Plush Multi-Level Climbing Tree Cat House with 1 360° Rotating Cat Cave, Scratching Post, More Entrance/Exit, Sisal Rope, Grey Black",TSCOMON,TSCOMON store,44.3,$44-$45.99,4.3,2321,826,0.6295,36591.8,0.5322,50-64in mainstream,$30-49,"large-cat,multi-level,condo"
46,Amazon US,B0CWMVWWDH,"PAWZ Road Flower Cat Tree, 72 Inches Large Cat Tower with Steel Frame Hammock and 7 Scratching Posts, Tall Cat Tree with 2 Condos and Perches for Large Indoor Cats - Pink",PAWZ Road,Sweet  Pet,89.99,$88-$89.99,4.6,2228,822,0.6265,73971.78,1.0758,65-74in large/multicat,$80-119,"large-cat,condo,hammock,novelty-flower"
47,Amazon US,B0FVF3X7YD,"Heybly Cat Tree, 76-Inch Tall Heavy Duty Cat Tower for Big Cats with Extra Wide Baseboard, Multi-Level Large Cat Furniture with 2 Condos & 2 Hammocks, 10 Scratching Posts, Smoky Gray HCT039G",Heybly,Heybly,102.59,$102-$103.99,4.5,229,818,0.6234,83918.62,1.2205,height not shown,$80-119,"large-cat,heavy-duty,multi-level,condo"
48,Amazon US,B0FX3K3K62,"Hey-brother Wooden Cat Tree, 69.7 inch Cats Furniture Tower with Large Platforms, Hammocks, Spacious Condo, Full Sisal Scratching Posts, Ladder, Brush, Water Proof Surface, Rustic Brown MPJ121SR",Hey-brother,Hey brother,139.99,$138-$139.99,4.1,80,809,0.6166,113251.91,1.6471,65-74in large/multicat,$120+,"large-cat,condo,hammock,wood/modern"
49,Amazon US,B0BZ7L34Q8,"MUTTROS Cat Tree for Large Cats Adult with Metal Plush Big Hammock, 56.3' Cat Tower with 2 Door Condo House, 6-Tier Cat Shelves with Scratching Posts and Large Top Perch, Beige",MUTTROS,CHPET INC,65.99,$64-$65.99,4.5,1703,803,0.612,52989.97,0.7707,50-64in mainstream,$50-79,"large-cat,condo,hammock"
50,Amazon US,B0DN25RNPK,"Cat Tree Tower for Large Cats Cat Scratching Post with 20 x15.7”Wide Top Bed, Self Groomer, Thick Scratch Post [Dia=4.5”] and Danging Ball Great for Indoor Cats-Large Grey",pawfessor,We Love Unity Commerce,39.99,$38-$39.99,4.7,672,801,0.6105,32031.99,0.4659,height not shown,$30-49,large-cat
51,Amazon US,B0CQTC6Y34,"Globlazer Cat Tree Tower with Scratching Post for Indoor Cats, 53inch Tall Plush Multi-Level Cat Climbing Tower Condo House with Large Hammock, Spacious Cat Cave, Padded Top Perch Bed, F53, Light Gray",Globlazer,Globlazer,79.99,$78-$79.99,4.5,467,792,0.6036,63352.08,0.9214,50-64in mainstream,$50-79,"large-cat,multi-level,condo,hammock"
52,Amazon US,B0B938L397,"Feandrea Cat Tree with Litter Box Enclosure, 59-Inch Modern Cat Tower, 2-in-1 Condo with Scratching Posts, Washable Removable Cushion, Greige UPCT113G01",Feandrea,Amazon,75.99,$74-$75.99,4.6,1610,761,0.58,57828.39,0.841,height not shown,$50-79,"condo,modern"
53,Amazon US,B08KFZSBYC,"MWPO 63.8 inches Multi-Level Cat Tree for Large Cats with Sisal-Covered Scratching Posts, Padded Platform, Hammock and Condo,Stable Cat Tower Cat Condo Pet Play House-Beige",MWPO,Mwpo,69.99,$68-$69.99,4.6,5066,758,0.5777,50399.42,0.733,50-64in mainstream,$50-79,"large-cat,multi-level,condo,hammock"
54,Amazon US,B0FFNC5M2D,"SYANDLVY 27IN Cat Tree for Indoor Cats Large Adult, Modern Activity Tower with Scratching Posts, Condo with Plush Perch, Climbing Stand with Spring Ball for Play, Grey",SYANDLVY,SYANDLVY,37.99,$36-$37.99,4.7,384,754,0.5747,28644.46,0.4166,<36in small/kitten,$30-49,"large-cat,condo,modern"
55,Amazon US,B0CV7DHG98,"Globlazer Big Cat Tower for Indoor Cats, 80inch Cat Tower for Multiple Adult Cats XXL Cat Tree with Scratching Post, Hammock, 3 Perches, 2 Condos, 2 Hanging Basket, F80, Dark Grey",Globlazer,Globlazer,119.99,$118-$119.99,4.4,1029,749,0.5708,89872.51,1.3071,75in+ oversized,$80-119,"multi-level,condo,hammock"
56,Amazon US,B0DZD25G1P,"Hey-brother Cat Tree Tower, Scratching Posts with a Extended Part, Wide Platforms, Cozy Condos, Hammocks, Sisal Columns and Ball for Indoor Cats, 70.1 Inches, Light Gray MPJ038W",Hey-brother,Hey brother,99.99,$98-$99.99,4.5,354,728,0.5548,72792.72,1.0587,65-74in large/multicat,$80-119,"condo,hammock"
57,Amazon US,B0F8J7487Z,"Hey-brother Cat Tree Tower, Scratching Posts with Extra Large Platform, Specious Condo, 2 Cozy Hammocks, Self-Grooming Brush for Indoor Adult Cats, Maine Coon 51.1 inches, Light Gray MPJ070W",Hey-brother,Hey brother,79.99,$78-$79.99,4.7,261,698,0.532,55833.02,0.812,50-64in mainstream,$50-79,"large-cat,condo,hammock"
58,Amazon US,B0CG5TML94,"PAWZ Road Cat Tree, 30 Inches Cat Tower with Dual Condos for Indoor Cats, Plush Cat House with Padded Perch, Scratching Ramp and Posts and Replaceable Balls-Beige",PAWZ Road,Sweet  Pet,39.99,$38-$39.99,4.5,5123,680,0.5183,27193.2,0.3955,<36in small/kitten,$30-49,condo
59,Amazon US,B098R2H39J,"SYANDLVY Small Cat Tree for Indoor Cats, Cat Tower with Scratching Post, Modern Activity House for Large Cats, Condo with Board, Kittens Cave (Light Grey)",SYANDLVY,SYANDLVY,30.39,$30-$31.99,4.4,3857,667,0.5083,20270.13,0.2948,height not shown,$30-49,"large-cat,condo,modern,kitten"
60,Amazon US,B0FR44W8GN,"Cat Tree for Indoor Cats, Cat Tower with Scratching Post for Small Cats and Kittens, Cat House with Removable Top Platform and Fluffy Balls, Hanging Cat Basket, Light Gray GCT006SW",Gitelsnour,Gitelsnour Home,39.99,$38-$39.99,4.2,681,655,0.4992,26193.45,0.381,height not shown,$30-49,kitten
61,Amazon US,B0G8Z7KN7H,"32In Cute Cat Tower for Indoor Cats with Cat Condo, Plush Platform, Hammock, Sisal Scratching Posts, Dangling Ball, Tall Cat Tree Tower with Self-Grooming Brush (Beige)",Purrlato,GLORIEROO,39.99,$38-$39.99,4.2,112,647,0.4931,25873.53,0.3763,<36in small/kitten,$30-49,"condo,hammock"
62,Amazon US,B0FJWY6BT5,"Globlazer Extra Large Platform Cat Tree, 65in Tall Sturdy Cat Tree for Indoor Cats Large Adult, Big Cat Tower for Big Cats with 3 Enlarged Perches, 6 Scratching Posts, Cat Condo, Hammock, S65, Beige",Globlazer,Globlazer,99.99,$98-$99.99,4.5,261,635,0.484,63493.65,0.9234,65-74in large/multicat,$80-119,"large-cat,condo,hammock"
63,Amazon US,B078HB646M,"Feandrea Cat Tree, 55.8-Inch Cat Tower, Multi-Level Plush Condo with 11 Scratching Posts, 2 Perches, Hammock, Cave, Light Gray UPCT15W",Feandrea,Amazon,49.99,$48-$49.99,4.6,8819,616,0.4695,30793.84,0.4479,height not shown,$30-49,"multi-level,condo,hammock"
64,Amazon US,B0CRDJSKTK,"Taoqimiao Cactus Cat Tree, 71-Inch Cat Tower for Indoor Cats Large Adult, Multi-Level Large Cat Condo, 8 Sisal Scratching Posts, Metal Frame Cozy Hammock, Scratch Board, 2 Top Perches, MSC026L",Taoqimiao,AICHONGTECH,109.99,$108-$109.99,4.5,1407,593,0.4519,65224.07,0.9486,height not shown,$80-119,"large-cat,multi-level,condo,hammock"
65,Amazon US,B0C9LW8DTH,"Small Cat Tree for Indoor Cats, Cat Tower with Scratching Post and Board, Cat House with Perch for Kitten, Stable Condo and Stand (Light Grey)",SIYIPURR,ZZSY24,31.99,$30-$31.99,4.4,438,593,0.4519,18970.07,0.2759,height not shown,$30-49,"condo,kitten"
66,Amazon US,B09HXCSVQX,SHA CERLIN 68 Inches Multi-Level Large Cat Tree for Large Kitties/Big Cat Tower with Condo/Cozy Plush ‌Pussycat Perches/Sisal Scratching Posts and Hammocks/Activity Center/Beige,SHA CERLIN,Amazon,89.98,$88-$89.99,4.4,2781,590,0.4497,53088.2,0.7721,65-74in large/multicat,$80-119,"large-cat,multi-level,condo,hammock"
67,Amazon US,B0G1LRCB68,"Heybly Cat Tree, 25.6-inch Cat Tower with Spacious Top Perch for Large Cats, Stair-Style Cat House Furniture with Dual-Layer Condos, Sisal Scratching Posts, Cozy Basket & Pompom, Light Gray HCT204SW",Heybly,Heybly,49.99,$48-$49.99,4.3,339,579,0.4413,28944.21,0.421,height not shown,$30-49,"large-cat,condo"
68,Amazon US,B0F52KZMYW,Cat Tree Tower with Clear Instructions for Kittens Indoor Playground Green Palm Leaves Scratching Post Hammock Condo Furniture 37 Inch,Woochpet,Woochpet,39.99,$38-$39.99,4.6,144,575,0.4382,22994.25,0.3344,36-49in mid-small,$30-49,"condo,hammock,kitten"
69,Amazon US,B0FVXTVRBK,"Globlazer Heavy Duty Cat Tree 78 inch Sturdy Cat Tower for 20lbs Large Adult Cats, Symmetrical Aesthetic Big Cat Tree with Extra Large Platform, 2 Scratching Boards, Z78, Beige",Globlazer,Globlazer,116.99,$116-$117.99,4.7,98,552,0.4207,64578.48,0.9392,75in+ oversized,$80-119,"large-cat,heavy-duty"
70,Amazon US,B0D2DD5K6P,"Globlazer Cat Tower for Indoor Cats, Heavy Duty Cat Trees for Large Cats Adult Big Cats Maine Coon Cat Tree Tower with Scratching Post, Extra Large Top Perch, Cat Condos, F61, Light Grey, 61inch",Globlazer,Globlazer,99.99,$98-$99.99,4.6,738,544,0.4146,54394.56,0.7911,50-64in mainstream,$80-119,"large-cat,heavy-duty,condo"
71,Amazon US,B0F9KTZM8T,"PEQULTI Cat Tree for Small to Medium Cats — Cute Gray Cat Tower with Wide Cushioned Perch, Private Condo & Sisal Scratching Post for Indoor Kittens, Aesthetic Cat Furniture",PEQULTI,Siyupet,39.99,$38-$39.99,4.4,257,538,0.41,21514.62,0.3129,height not shown,$30-49,"condo,kitten"
72,Amazon US,B0F2SX413R,"Gitelsnour Maine Coon Cat Tree, Heavy Duty Cat Tree for Indoor Cats Large Adult, Cat Tower for Large Cats 20 lbs+ with Hammock, 2 Big Perches, 2 Cat Condos, 15 Scratching Posts, Smoky Gray GCT033G",Gitelsnour,Gitelsnour Home,109.99,$108-$109.99,4.6,309,535,0.4077,58844.65,0.8558,height not shown,$80-119,"large-cat,heavy-duty,condo,hammock"
73,Amazon US,B0BRCZZGFF,"26.7in Large Cat Tree Tower Condo, Cat Scratch Posts for Indoor Cats, Big Plate, Three 23.6in Full Sisal Scratching Posts, Rustic Brown",FourFurPets,FourFurPets,39.99,$38-$39.99,4.4,1169,515,0.3925,20594.85,0.2995,<36in small/kitten,$30-49,"large-cat,condo"
74,Amazon US,B0CCTTNK7L,"MUTTROS Flower Cat Tree with Large Metal Frame Hammock, 35' Cute Cat Tower with Sisal Scratching Posts for Small Indoor Cats, Cat Condo with Pink Top Perch for Kittens, Pink",MUTTROS,CHPET INC,40.84,$40-$41.99,4.5,931,509,0.3879,20787.56,0.3023,<36in small/kitten,$30-49,"large-cat,condo,hammock,novelty-flower"
75,Amazon US,B0D48X6SZD,"Feandrea Cat Tree, 66.9-Inch Cat Tower with Litter Box Enclosure, Large Condo with Food Station, Storage, Scratching Posts, Cave, Hammock, Washable Cushions, Heather Greige UPCT169K02",Feandrea,Amazon,113.04,$112-$113.99,4.6,757,501,0.3818,56633.04,0.8237,height not shown,$80-119,"large-cat,condo,hammock"
76,Amazon US,B0DPQ7P2VH,"32“ Cat Tree Tower for Indoor Cats - 2 Cozy Condos, Multi-Level Cat Scratching Posts with Sisal, Soft Padded Perch, 2 Dangling Toys, Light Grey",UYMI,UYMI-US,45.99,$44-$45.99,4.4,325,498,0.3795,22903.02,0.3331,height not shown,$30-49,"multi-level,condo"
77,Amazon US,B0F2SP5JMM,"Gitelsnour Cat Tree for Indoor Cats, 71’’ (180cm) Multi-Level Cat Tower for Large Adult, Sturdy Cat Tree House with 2 Scratching Boards 7 Posts, 2 Plush Perches/Condos, Hammock, Smoky Gray GCT032G",Gitelsnour,Gitelsnour Home,99.99,$98-$99.99,4.7,440,497,0.3788,49695.03,0.7228,height not shown,$80-119,"large-cat,multi-level,condo,hammock"
78,Amazon US,B01KNJVO7K,"Roypet 32' Cat Tree for Indoor Cats, 2-in-1 Cat House with Sisal Scratching Post & Ramp, 2-Level Cat Tower with Rotatable Feather & Ball Toys, Stable Grey Cat Condo for Small/Medium Cats, Grey",Roypet,Roypet,22.99,$22-$23.99,4.3,3497,486,0.3704,11173.14,0.1625,<36in small/kitten,$0-29,condo
79,Amazon US,B0BN9WC16P,"Yaheetech 70.5in Cat Tower, Multi Level Cat Tree Kitten Condo with 2 Condos & 2 Plush Perches & Scratching Post & Dangling Ball for Medium/Large Cats Dark Gray",Yaheetech,Yaheetech,55.99,$54-$55.99,4.6,10144,482,0.3674,26987.18,0.3925,65-74in large/multicat,$50-79,"large-cat,multi-level,condo,kitten"
80,Amazon US,B0FDVFBBMW,"KinoTail Cat Tree for Large Cat, 20.9 * 15.7in Large Perch Bed for Adult Cats, 22.8in Cat Tower with Scratching Post, Cat Condo with 2-Door for Indoor Cats, Dark Gray",KinoTail,OROPY Home,34.99,$34-$35.99,4.5,160,480,0.3658,16795.2,0.2443,<36in small/kitten,$30-49,"large-cat,condo"
81,Amazon US,B0DRVMY62Y,"FUKUMARU Cat Wall Shelves, 2 Platform Cats Walls Furniture, Tree Shape Kitten Floating Shelf with Soft Cushion Perch, Solid Rubber Wood for 16 Inch Drywall, Suitable for Climb, Play, Nap",FUKUMARU,FUKUMARU,53.79,$52-$53.99,4.6,641,477,0.3635,25657.83,0.3732,<36in small/kitten,$50-79,"wood/modern,kitten"
82,Amazon US,B0DZGKWPHX,"Max & Marlow Cat Tree Floor to Ceiling Cat Tower Height 95-108“ Adjustable Kitten Tree Tall Climbing Tree with Carpet Scratching Post and Mat Cat Pole for Indoor Cats,Light Grey",Max & Marlow,Amazon,36.61,$36-$37.99,4.3,1519,471,0.359,17243.31,0.2508,height not shown,$30-49,kitten
83,Amazon US,B0CLJKHG9G,Floor to Ceiling Cat Tree Height (50-120.5in) Adjustable Cat Tower 5 Tier Hemp Scratching Post High Cat Tree Sturdy Activity Tree Indoor Outdoor Cat Scratching Post Activity Center,TQEW,Bedoo cat,147.15,$146-$147.99,4.5,787,466,0.3552,68571.9,0.9973,75in+ oversized,$120+,
84,Amazon US,B0FSKJRDV6,"Globlazer Extra Large Cat Tree Tower, 82in Tall Heavy Duty Cat Tree for Indoor Cats Large Adult Big Cat Tower with 8 Scratching Posts, 2 Cat Condos, 2 Top Perches, 3 Hanging Baskets, S82, Beige",Globlazer,Globlazer,119.99,$118-$119.99,4.5,139,463,0.3529,55555.37,0.808,75in+ oversized,$80-119,"large-cat,heavy-duty,condo"
85,Amazon US,B0BTYDDKSP,"Modern Wall-Mounted Cat Furniture - 5pcs Cat Wall Shelves, Wooden Climber Includes House, Bridge, Tree, Steps, and Scratcher (Black)",ESOTTE,HONG KONG DING FUK LIMITED,49.99,$48-$49.99,4.3,951,440,0.3353,21995.6,0.3199,height not shown,$30-49,"wood/modern,modern"
86,Amazon US,B0F5M61JH8,"Globlazer XXL Giant Cat Tree, 83 Inch Heavy Duty Tall Cat Tower for Indoor Cats Large Adult, Multi-Level Large Cat Condo with 8 Scratching Posts, Hammock, 2 Cat Caves, 2 Platform, F83B, Dark Grey",Globlazer,Globlazer,119.99,$118-$119.99,4.6,211,414,0.3155,49675.86,0.7225,75in+ oversized,$80-119,"large-cat,heavy-duty,multi-level,condo"
87,Amazon US,B0DZCYDQGL,"Hey-brother Cat Tree, Cat Scratching Posts with Bed, Sturdy Tower with Fully Sisal-Wrapped Columns and Plush Toy Ball for Indoor Kittens, 18.9 inches, Smoky Gray MPJ010SG",Hey-brother,Hey brother,22.99,$22-$23.99,4.4,572,386,0.2942,8874.14,0.1291,<36in small/kitten,$0-29,kitten
88,Amazon US,B0DPQ6CJGK,"Feandrea Cat Tree, 65-Inch Tall Cat Tower, Multi-Level Condo with Cave, Basket, Hammock, Pompom, Scratching Posts, Almond Yellow UPCT118Y01",Feandrea,Amazon,69.99,$68-$69.99,4.5,81,380,0.2896,26596.2,0.3868,height not shown,$50-79,"multi-level,condo,hammock"
89,Amazon US,B0FF3JNFSZ,"17.1-inch Small Cat Tree Tower with Scratching Post for Indoor Cats,Grey",Psicway,Pwinner,24.99,$24-$25.99,4.6,83,378,0.2881,9446.22,0.1374,height not shown,$0-29,
90,Amazon US,B0F6NN73CM,"Keygarzone Multi-Level Cat Tree Tower for Large Cats with Scratching Posts, Condos, Perch, Hammocks & Toys, Cat Jungle Gym for Indoor Cats, Ideal for Multi-Cat Households, Dark Grey",keygarzone,KeygarZone,31.99,$30-$31.99,4.6,48,336,0.2561,10748.64,0.1563,height not shown,$30-49,"large-cat,multi-level,condo,hammock"
91,Amazon US,B0G2HB1MG4,"HITTITE Solid Wood Cat Tree Tower with Scratching Post, 53 Inches Tall Cat Towers with Scratching Board and Scratcher Ball, Modern Cat Tower with Space Capsule and Removable Top Bed for Indoor Cats",HITTITE,HITTITE,149.99,$148-$149.99,4.1,46,335,0.2553,50246.65,0.7308,50-64in mainstream,$120+,"wood/modern,modern"
92,Amazon US,B0CN93HYWV,"MUTTROS Flower Cat Tree, 28' Cat Tower with Cozy Flower Perch, Large Hammock for Indoor Small Cats, Cute Cat Tree with Sisal Scratching Post and Fur Toy Ball for Kittens, Pink",MUTTROS,CHPET INC,39.99,$38-$39.99,4.5,375,302,0.2302,12076.98,0.1756,<36in small/kitten,$30-49,"large-cat,hammock,novelty-flower,kitten"
93,Amazon US,B0F62T16TX,"FUKUMARU Floor to Ceiling Cat Tree, 6 Level Adjustable Height (6-10 ft) Climbing Tower with Thickened Scratching Posts, Cats Activity Center with Cozy Hammock - Beige",FUKUMARU,FUKUMARU,145.79,$144-$145.99,4.6,594,269,0.205,39217.51,0.5704,height not shown,$120+,hammock
94,Amazon US,B0D1FT6H65,"Hey-brother Cat Tree Tower, Scratching Posts with Removable Toys, Cozy Condo, Platform, Hammock, Sisal Scratch Board and Ball for Indoor Kittens, 41.3 Inches, Smoky Gray MPJ008SG",Hey-brother,Hey brother,39.99,$38-$39.99,4.2,485,267,0.2035,10677.33,0.1553,36-49in mid-small,$30-49,"condo,hammock,kitten"
95,Amazon US,B07Q2B3B89,"Feandrea Cat Tree, 37.8-Inch Cat Tower, Multi-Level Condo with Widened Perch, Scratching Posts and Ramp, 2-Door Cave, Hammock, Light Gray UPCT51W",Feandrea,Amazon,42.49,$42-$43.99,4.6,10258,251,0.1913,10664.99,0.1551,height not shown,$30-49,"multi-level,condo,hammock"
96,Amazon US,B0DRYD538R,Allewie 81 Inches Tall Cat Tree/Multi-Level Large Climbing Tree House and Towers for Big Feline/Condo and Hammock/Scratching Post/Wide Base/Dark Grey,Allewie,Amazon,99.99,$98-$99.99,4.6,495,228,0.1738,22797.72,0.3316,75in+ oversized,$80-119,"large-cat,multi-level,condo,hammock"
97,Amazon US,B0C4TK4W4M,"Yaheetech Cactus Cat Tree for Indoor Cats, 62in Cat Tower with Scratching Posts, Hammock & Dangling Ball, Multi-Level Condo Activity Center Furniture",Yaheetech,Yaheetech,47.48,$46-$47.99,4.5,351,216,0.1646,10255.68,0.1492,50-64in mainstream,$30-49,"multi-level,condo,hammock,novelty-cactus"
98,Amazon US,B0C74CH8T7,"Hey-brother Cat Tree, Cat Tower for Indoor Cats, Cat House with Large Padded Bed, Cozy Condo, Hammocks, Sisal Scratching Posts, Big Scratcher, Light Gray MPJ006SW",Hey-brother,Hey brother,39.99,$38-$39.99,4.3,2405,209,0.1593,8357.91,0.1216,height not shown,$30-49,"large-cat,condo,hammock"
99,Amazon US,B0D9M85Y5M,"CAPHAUS Cat Tower for Indoor w/Cat Wand Toy, Modern Cute 74-Inch Cat Tree w/Widened Perch for Large Cats Kittens, Multi-Level Cat Activity Tree w/Scratching Posts, Tunnel, Basket, Cat Cave Condo",CAPHAUS,Fencerwire,53.99,$52-$53.99,4.4,1549,208,0.1585,11229.92,0.1633,height not shown,$50-79,"large-cat,multi-level,condo,modern"
100,Amazon US,B0GCCQZ2PG,"Cat Craft Cat Tree 63 Inch Cat Tower for Indoor Cats, Multi-Level Cat Tree for Large Cats 20 lbs+ Heavy Duty Cat Tower with Sisal Scratching Posts, Hammock, Condo and Extended Platform, Dark Grey",Cat Craft,Amazon,56.99,$56-$57.99,4.6,123,168,0.128,9574.32,0.1392,50-64in mainstream,$50-79,"large-cat,heavy-duty,multi-level,condo"
